,SYMBOL,Date,Series,Prev Close,Open,High,Low,Last,Close,VWAP,Volume,Turnover,Trades,Deliverable Volume,%Deliverble,Descripency Detail,Descripency,V AVERAGE
12,BAJAJFINSV,2021-09-28,EQ,18031.1,18185.0,18186.0,17430.1,17535.5,17550.35,17738.6,322058,571285942950000.0,65851,86710,26.920000000000005,"Vol Down, Delivery Up",1,0.494
13,BAJAJFINSV,2021-09-29,EQ,17550.35,17498.8,17647.9,17307.8,17428.0,17433.75,17462.38,309712,540830931175000.0,71576,98449,31.790000000000003,"Vol Down, Delivery Up",1,0.494
0,UPL,2021-09-28,EQ,725.85,728.0,732.9,710.25,715.65,716.8,721.66,2577784,186029015895000.0,51524,1159398,44.98,"Vol Down, Delivery Up",1,0.486
1,UPL,2021-09-29,EQ,716.8,711.9,722.9,709.0,715.3,717.15,716.67,2160616,154845414135000.0,53418,1165535,53.94,"Vol Down, Delivery Up",1,0.486
10,KOTAKBANK,2021-09-28,EQ,2033.35,2040.0,2077.8,2012.9,2073.0,2068.2,2043.85,3899267,796952035875000.0,96823,1744958,44.75,"Vol Down, Delivery Up",1,0.393
11,KOTAKBANK,2021-09-29,EQ,2068.2,2059.9,2060.0,2020.15,2031.0,2030.45,2038.47,3420314,697221384850000.0,141811,1856690,54.28000000000001,"Vol Down, Delivery Up",1,0.393
6,TATACONSUM,2021-09-28,EQ,835.05,837.0,837.4,817.0,822.5,822.7,824.46,1933307,159393398825000.0,55167,1072262,55.46,"Vol Up, Delivery Down",1,0.387
7,TATACONSUM,2021-09-29,EQ,822.7,824.5,829.4,811.0,822.9,823.45,820.92,2156442,177025774565000.0,57577,928307,43.05,"Vol Up, Delivery Down",1,0.387
2,TITAN,2021-09-28,EQ,2090.25,2083.2,2138.0,2083.05,2133.85,2129.3,2121.94,923489,195959188560000.0,58033,272159,29.47,"Vol Down, Delivery Up",1,0.373
3,TITAN,2021-09-29,EQ,2129.3,2129.0,2167.9,2110.05,2150.0,2147.5,2141.13,912912,195466717365000.0,57601,289901,31.760000000000005,"Vol Down, Delivery Up",1,0.373
8,SBILIFE,2021-09-28,EQ,1222.8,1222.5,1229.15,1202.3,1204.75,1210.3,1213.35,1588306,192717001405000.0,50316,1115242,70.22,"Vol Up, Delivery Down",1,0.362
9,SBILIFE,2021-09-29,EQ,1210.3,1206.0,1214.8,1196.8,1208.3,1205.95,1203.49,1623118,195340460555000.0,70117,1063891,65.55,"Vol Up, Delivery Down",1,0.362
4,TCS,2021-09-28,EQ,3836.95,3850.0,3850.0,3751.25,3777.05,3779.15,3784.75,2253075,852733047240000.0,140925,1558553,69.17,"Vol Up, Delivery Down",1,0.306
5,TCS,2021-09-29,EQ,3779.15,3759.8,3806.0,3722.15,3794.55,3791.9,3767.14,2489161,937701595830000.0,138418,1548275,62.2,"Vol Up, Delivery Down",1,0.306
54,INDUSINDBK,2021-09-28,EQ,1150.7,1160.0,1160.0,1119.0,1132.9,1134.75,1137.4,3684708,419099970830000.0,77920,1608400,43.65,-,0,0.642
55,INDUSINDBK,2021-09-29,EQ,1134.75,1127.1,1136.9,1114.1,1123.0,1123.2,1125.43,5574048,627318479250000.0,83655,3280298,58.85,-,0,0.642
22,TATAMOTORS,2021-09-28,EQ,331.65,334.0,336.0,324.5,328.7,329.3,330.97,28497009,943166679480000.0,260259,6297165,22.1,-,0,0.58
23,TATAMOTORS,2021-09-29,EQ,329.3,325.0,333.0,324.0,330.35,330.25,329.0,19740150,649455100415000.0,169614,3950402,20.01,-,0,0.58
60,HINDALCO,2021-09-28,EQ,481.4,480.9,486.9,475.05,476.7,478.15,480.48,6148679,295433567685000.0,73447,2052757,33.39,-,0,0.544
61,HINDALCO,2021-09-29,EQ,478.15,475.0,496.9,473.4,494.9,494.15,488.5,9508220,464479500800000.0,104842,2281168,23.99,-,0,0.544
20,TATASTEEL,2021-09-28,EQ,1270.5,1273.45,1296.8,1263.0,1279.0,1280.95,1281.17,8100736,1037843735135000.0,155092,1805448,22.29,-,0,0.525
21,TATASTEEL,2021-09-29,EQ,1280.95,1270.0,1309.8,1267.2,1293.8,1295.55,1290.68,9494577,1225442754450000.0,200121,2365838,24.92,-,0,0.525
90,BAJFINANCE,2021-09-28,EQ,7795.45,7815.0,7825.0,7425.05,7536.0,7543.3,7581.48,1572301,1192036594305000.0,144602,760945,48.4,-,0,0.513
91,BAJFINANCE,2021-09-29,EQ,7543.3,7529.0,7635.85,7456.15,7510.0,7515.4,7532.75,945879,712506744820000.0,109016,331880,35.09,-,0,0.513
94,AXISBANK,2021-09-28,EQ,796.95,802.0,805.6,778.0,789.0,789.2,790.87,7369680,582843127965000.0,139772,4408555,59.82000000000001,-,0,0.497
95,AXISBANK,2021-09-29,EQ,789.2,783.0,789.5,778.5,780.5,782.15,782.58,14241004,1114471819440000.0,237067,10315275,72.43,-,0,0.497
46,JSWSTEEL,2021-09-28,EQ,648.65,650.0,667.9,648.1,662.0,660.85,658.28,4735779,311748320020000.0,61424,1103945,23.31,-,0,0.49
47,JSWSTEEL,2021-09-29,EQ,660.85,658.9,684.3,653.6,680.0,679.8,671.21,7345149,493014625640000.0,81793,2963610,40.35,-,0,0.49
98,ADANIPORTS,2021-09-28,EQ,750.25,754.0,756.9,733.0,737.0,738.7,743.85,3748173,278807825210000.0,59682,1156974,30.870000000000005,-,0,0.489
99,ADANIPORTS,2021-09-29,EQ,738.7,737.65,747.85,736.0,742.3,742.0,743.07,2734053,203158862300000.0,45107,528295,19.32,-,0,0.489
34,ONGC,2021-09-28,EQ,140.0,141.8,143.6,141.0,142.0,142.2,142.25,46109879,655922429810000.0,154758,24951502,54.11,-,0,0.463
35,ONGC,2021-09-29,EQ,142.2,140.85,148.8,139.35,145.7,144.75,144.58,68003697,983214114770000.0,201937,29686746,43.65,-,0,0.463
28,SBIN,2021-09-28,EQ,446.6,449.2,455.8,439.6,444.65,444.9,448.31,19241170,862603831815000.0,199169,5139742,26.71,-,0,0.45
29,SBIN,2021-09-29,EQ,444.9,441.85,462.3,439.1,459.7,460.0,455.43,38635938,1759578181120000.0,276232,17529709,45.37,-,0,0.45
56,ICICIBANK,2021-09-28,EQ,730.0,734.1,735.4,706.6,715.9,717.15,718.17,13491839,968937716780000.0,173925,8806092,65.27,-,0,0.45
57,ICICIBANK,2021-09-29,EQ,717.15,707.35,711.95,701.3,709.4,709.5,706.04,11453404,808654002205000.0,219084,6662029,58.17,-,0,0.45
42,M&M,2021-09-28,EQ,811.35,820.0,822.0,796.25,805.0,806.05,809.22,3853344,311819038480000.0,99528,1556801,40.4,-,0,0.417
43,M&M,2021-09-29,EQ,806.05,800.0,815.7,799.0,809.2,812.1,808.65,2291977,185341015635000.0,75191,1005771,43.88,-,0,0.417
86,BPCL,2021-09-28,EQ,420.6,424.3,430.25,423.0,429.9,429.6,427.83,9133471,390759117325000.0,124560,4199537,45.98,-,0,0.415
87,BPCL,2021-09-29,EQ,429.6,429.5,438.0,426.0,437.9,436.9,433.86,7625857,330855903625000.0,115069,4096152,53.71,-,0,0.415
88,BHARTIARTL,2021-09-28,EQ,722.55,724.4,726.8,686.0,695.85,696.15,698.8,21944239,1533457273345000.0,312911,11007945,50.16,-,0,0.405
89,BHARTIARTL,2021-09-29,EQ,696.15,697.0,702.0,689.15,693.0,694.1,694.98,16729859,1162687137780000.0,163654,9013506,53.88,-,0,0.405
74,EICHERMOT,2021-09-28,EQ,2879.35,2882.0,2944.65,2864.5,2880.8,2883.05,2904.54,838118,243434555750000.0,56419,206107,24.59,-,0,0.398
75,EICHERMOT,2021-09-29,EQ,2883.05,2870.0,2890.0,2835.0,2840.05,2843.25,2858.67,386614,110520074134999.98,26291,110442,28.57,-,0,0.398
68,HDFC,2021-09-28,EQ,2839.8,2842.0,2850.0,2760.95,2802.0,2804.95,2811.05,2645677,743713109565000.0,145453,1614411,61.02000000000001,-,0,0.396
69,HDFC,2021-09-29,EQ,2804.95,2786.5,2792.95,2739.1,2747.35,2746.45,2761.29,3333322,920426816905000.0,146771,2493615,74.81,-,0,0.396
72,GRASIM,2021-09-28,EQ,1648.8,1653.0,1684.6,1641.1,1644.8,1648.75,1661.23,1562917,259636660570000.0,65050,381446,24.41,-,0,0.388
73,GRASIM,2021-09-29,EQ,1648.75,1642.0,1678.5,1635.05,1670.0,1669.9,1662.17,818653,136074224595000.0,45508,362539,44.28,-,0,0.388
80,COALINDIA,2021-09-28,EQ,167.05,168.5,176.3,168.15,174.1,174.55,174.12,41551332,723480048330000.0,238095,9404350,22.63,-,0,0.388
81,COALINDIA,2021-09-29,EQ,174.55,174.5,197.0,172.8,185.4,185.7,187.33,100988643,1891869392310000.0,475984,19129908,18.94,-,0,0.388
18,TECHM,2021-09-28,EQ,1464.4,1464.4,1465.0,1408.4,1412.9,1414.05,1430.44,3995669,571554992275000.0,124827,2645817,66.22,-,0,0.383
19,TECHM,2021-09-29,EQ,1414.05,1400.0,1408.95,1372.75,1396.25,1395.35,1394.01,7948104,1107970361420000.0,174181,5548492,69.81,-,0,0.383
26,SHREECEM,2021-09-28,EQ,29476.0,29499.0,29800.0,29090.6,29190.0,29242.95,29387.06,31253,91843364835000.0,10046,11303,36.17,-,0,0.381
27,SHREECEM,2021-09-29,EQ,29242.95,29220.0,29525.1,29168.0,29310.0,29382.4,29358.05,20612,60512808960000.0,7692,5942,28.83,-,0,0.381
64,HDFCLIFE,2021-09-28,EQ,721.0,722.0,733.35,721.5,725.75,725.8,727.6,2407512,175170113845000.0,53421,1310248,54.42,-,0,0.379
65,HDFCLIFE,2021-09-29,EQ,725.8,724.7,738.0,721.0,737.9,734.75,731.44,5200234,380366839470000.0,84253,3878728,74.59,-,0,0.379
14,WIPRO,2021-09-28,EQ,653.9,653.9,653.9,635.25,639.0,639.6,642.5,8112462,521222978085000.06,229439,3725545,45.92,-,0,0.377
15,WIPRO,2021-09-29,EQ,639.6,629.95,646.5,627.35,641.0,640.75,636.66,8839566,562777281680000.0,178469,4067336,46.01,-,0,0.377
30,RELIANCE,2021-09-28,EQ,2524.45,2534.0,2564.9,2512.8,2545.0,2548.05,2539.99,8323269,2114101946235000.0,229286,4321030,51.92,-,0,0.373
31,RELIANCE,2021-09-29,EQ,2548.05,2570.0,2570.0,2520.05,2530.0,2527.85,2536.91,4485721,1137986628120000.0,166259,2223603,49.57,-,0,0.373
40,MARUTI,2021-09-28,EQ,7403.45,7448.0,7521.55,7333.5,7400.0,7423.85,7433.52,1346961,1001265603185000.0,157632,479556,35.6,-,0,0.369
41,MARUTI,2021-09-29,EQ,7423.85,7390.5,7465.0,7291.0,7382.0,7384.05,7372.24,643556,474445200525000.0,81531,245736,38.18,-,0,0.369
24,SUNPHARMA,2021-09-28,EQ,763.05,766.7,791.0,754.95,790.5,775.1,765.42,4938824,378029874925000.0,82531,3110016,62.970000000000006,-,0,0.364
25,SUNPHARMA,2021-09-29,EQ,775.1,784.0,819.75,771.35,810.15,811.3,800.7,18565413,1486536814350000.0,252659,7483512,40.31,-,0,0.364
62,HEROMOTOCO,2021-09-28,EQ,2912.95,2927.95,2939.0,2891.0,2918.1,2920.55,2912.18,788979,229765102195000.0,41698,424108,53.75,-,0,0.364
63,HEROMOTOCO,2021-09-29,EQ,2920.55,2915.0,2920.55,2865.5,2883.0,2886.15,2886.05,613787,177141745175000.0,33640,333212,54.290000000000006,-,0,0.364
70,HCLTECH,2021-09-28,EQ,1295.2,1304.95,1304.95,1254.0,1272.5,1269.0,1268.51,8572321,1087408704075000.0,301114,5862044,68.38,-,0,0.36
71,HCLTECH,2021-09-29,EQ,1269.0,1270.0,1301.45,1258.8,1282.6,1281.2,1277.58,4639821,592773573895000.0,169421,2295061,49.46,-,0,0.36
16,ULTRACEMCO,2021-09-28,EQ,7622.9,7629.9,7788.0,7550.0,7579.95,7588.3,7680.19,403030,309534834985000.0,55558,152578,37.86,-,0,0.359
17,ULTRACEMCO,2021-09-29,EQ,7588.3,7550.0,7661.35,7440.0,7460.0,7464.55,7474.02,490626,366695029420000.0,68822,300217,61.19,-,0,0.359
44,LT,2021-09-28,EQ,1739.6,1745.3,1759.05,1719.0,1734.0,1737.15,1737.8,1442615,250698119740000.0,72629,695266,48.19,-,0,0.351
45,LT,2021-09-29,EQ,1737.15,1732.0,1742.0,1716.6,1720.0,1721.0,1728.03,1698747,293548005690000.0,86217,1030722,60.68,-,0,0.351
50,IOC,2021-09-28,EQ,118.65,118.7,123.9,118.7,122.85,122.95,122.0,20386843,248718870095000.0,100551,7382789,36.21,-,0,0.35
51,IOC,2021-09-29,EQ,122.95,122.25,128.0,122.0,127.9,127.45,126.22,19848536,250522819040000.0,99284,5794190,29.19,-,0,0.35
32,POWERGRID,2021-09-28,EQ,176.0,176.85,188.9,176.1,183.8,183.95,184.29,29155220,537302266675000.0,194262,10123835,34.72,-,0,0.347
33,POWERGRID,2021-09-29,EQ,183.95,183.5,196.3,182.45,194.4,195.05,191.8,40264997,772275019925000.0,186057,15728942,39.06,-,0,0.347
82,CIPLA,2021-09-28,EQ,962.7,960.5,977.0,950.8,977.0,971.0,960.36,1542732,148158336675000.0,42111,803586,52.09,-,0,0.346
83,CIPLA,2021-09-29,EQ,971.0,970.5,1005.0,965.15,991.0,987.6,988.01,4052980,400438154070000.0,91334,1216272,30.010000000000005,-,0,0.346
96,ASIANPAINT,2021-09-28,EQ,3430.65,3424.9,3429.7,3350.0,3385.0,3379.7,3376.29,961271,324552619650000.0,99252,525188,54.63,-,0,0.346
97,ASIANPAINT,2021-09-29,EQ,3379.7,3365.0,3381.7,3310.0,3320.0,3323.05,3334.92,973387,324617234450000.0,87400,606740,62.33,-,0,0.346
36,NTPC,2021-09-28,EQ,126.85,127.5,133.65,127.35,131.6,131.95,131.62,35900138,472526955360000.06,155824,13979397,38.94,-,0,0.345
37,NTPC,2021-09-29,EQ,131.95,131.4,144.25,130.6,140.4,140.65,139.46,75859390,1057941386360000.0,355026,29257264,38.57,-,0,0.345
76,DRREDDY,2021-09-28,EQ,4791.65,4809.9,4854.1,4755.1,4847.95,4833.15,4791.7,305446,146360634910000.0,27438,145554,47.65,-,0,0.341
77,DRREDDY,2021-09-29,EQ,4833.15,4833.0,4922.9,4791.65,4885.0,4881.0,4884.08,655070,319941205025000.0,72250,229297,35.0,-,0,0.341
66,HDFCBANK,2021-09-28,EQ,1625.1,1632.0,1632.0,1582.0,1606.8,1615.05,1605.07,6386895,1025141750715000.0,193041,3472588,54.37,-,0,0.335
67,HDFCBANK,2021-09-29,EQ,1615.05,1597.0,1606.6,1585.15,1594.85,1593.85,1595.02,8131518,1296994238935000.0,180383,5400885,66.42,-,0,0.335
92,BAJAJ-AUTO,2021-09-28,EQ,3913.4,3929.0,3944.8,3875.4,3911.0,3908.7,3910.88,478682,187206744860000.0,37476,150822,31.510000000000005,-,0,0.335
93,BAJAJ-AUTO,2021-09-29,EQ,3908.7,3900.0,3935.9,3850.0,3892.0,3899.25,3889.2,379896,147749072200000.0,36113,107732,28.360000000000003,-,0,0.335
78,DIVISLAB,2021-09-28,EQ,4932.55,4965.0,4965.0,4701.0,4794.0,4784.05,4794.87,1028992,493388633715000.0,94298,627466,60.98,-,0,0.333
79,DIVISLAB,2021-09-29,EQ,4784.05,4789.0,4914.3,4752.1,4805.4,4806.45,4836.62,877223,424279670855000.0,89266,364142,41.51,-,0,0.333
52,INFY,2021-09-28,EQ,1721.15,1710.0,1710.0,1675.0,1686.3,1687.1,1687.94,6557197,1106814687110000.0,321289,4432200,67.59,-,0,0.325
53,INFY,2021-09-29,EQ,1687.1,1659.25,1701.4,1655.0,1688.55,1692.25,1683.09,7792548,1311558785725000.0,252164,5097015,65.41,-,0,0.325
48,ITC,2021-09-28,EQ,238.7,239.85,241.6,236.3,237.25,237.75,238.82,15713947,375287373475000.0,126931,6473185,41.19,-,0,0.321
49,ITC,2021-09-29,EQ,237.75,236.0,241.4,235.7,237.85,238.1,238.18,15450046,367985665290000.0,125680,6183100,40.02,-,0,0.321
84,BRITANNIA,2021-09-28,EQ,4009.6,4005.2,4068.95,3990.05,3999.95,4003.65,4015.91,354948,142544049215000.0,19184,209652,59.07,-,0,0.314
85,BRITANNIA,2021-09-29,EQ,4003.65,3982.0,4019.9,3959.15,3975.0,3972.75,3978.97,332446,132279422445000.0,23823,209012,62.870000000000005,-,0,0.314
38,NESTLEIND,2021-09-28,EQ,19642.2,19690.0,19718.65,19459.05,19507.0,19544.75,19582.61,57686,112964250815000.02,13626,33584,58.220000000000006,-,0,0.298
39,NESTLEIND,2021-09-29,EQ,19544.75,19544.75,19700.0,19421.65,19474.0,19506.75,19532.81,46295,90427131845000.0,12856,23543,50.85000000000001,-,0,0.298
58,HINDUNILVR,2021-09-28,EQ,2709.5,2725.0,2754.45,2709.9,2725.8,2723.85,2726.97,1078052,293981722905000.0,77852,627253,58.18,-,0,0.291
59,HINDUNILVR,2021-09-29,EQ,2723.85,2714.95,2744.45,2677.0,2689.0,2685.3,2699.78,1503894,406019001170000.0,102368,998751,66.41,-,0,0.291
